System,Type,Source,N_levels,Full_Pair_Count,Full_N_Pairs,Full_Pair_Density,Min_Distance_To_Target,Subsample_Success,Subsample_Mean,Uniform_Null_Mean,Uniform_Null_SD,Uniform_MonteCarlo_p,GapShuffle_Null_Mean,GapShuffle_Null_SD,GapShuffle_MonteCarlo_p,Cont_Baseline_Uniform_Dens,Cont_Baseline_GapShuffle_Dens,Physical_Note,Uniform_MonteCarlo_q,GapShuffle_MonteCarlo_q,Uniform_p_Display,GapShuffle_p_Display,Interpretation
Fe I (NIST),atomic,NIST ASD,845,69,356590,0.0001750313506949528,0.014732896701688036,0.04,0.04,2.2478,1.513140826228676,0.0001999600079984003,51.4894,1.5903105482892328,0.0001999600079984003,7.020077245020015e-06,0.0001285187856608169,Atomic spectra are dense spectral references,0.0003999200159968006,0.0011997600479904018,p <= 0.00019996,p <= 0.00019996,Excess pair availability beyond gap-shuffle null
Fe II (NIST),atomic,NIST ASD,1025,49,524800,7.725642701161578e-05,0.004267103291268837,0.02666666666666667,0.03,1.5718,1.2375963639248462,0.0001999600079984003,45.6364,1.3069793571437922,0.028394321135772844,2.875121545580701e-06,7.202543260226114e-05,Atomic spectra are dense spectral references,0.0003999200159968006,0.08518296340731854,p <= 0.00019996,p = 0.0283943,Pair availability explained by empirical gap structure
N I (NIST),atomic,NIST ASD,288,15,41328,0.00035258781620888424,0.004267103305820752,0.08666666666666667,0.09333333333333334,0.1138,0.3383039461785807,0.0001999600079984003,15.499,0.6887662883736398,1.0,2.945269347634075e-06,0.0003510113924451855,Atomic spectra are dense spectral references,0.0003999200159968006,1.0,p <= 0.00019996,p = 1,Pair availability explained by empirical gap structure
NV (Doherty+),defect,Doherty et al.,69,0,2346,0.0,16.035367103298697,0.0,0.0,0.0174,0.13075641475659996,1.0,0.0,0.0,1.0,9.431442031704363e-06,0.0,Effective discrete defect spectrum,1.0,1.0,p = 1,p = 1,No Raman-compatible pairs
SiV (Doherty+),defect,Doherty et al.,62,0,1891,0.0,7.9697671033,0.0,0.0,0.024,0.15564061166674975,1.0,0.0,0.0,1.0,1.3861925256768292e-05,0.0,Effective discrete defect spectrum,1.0,1.0,p = 1,p = 1,No Raman-compatible pairs
GeV (Doherty+),defect,Doherty et al.,45,0,990,0.0,7.9697671033,0.0,0.0,0.014,0.11749042514179611,1.0,0.0,0.0,1.0,1.4620313706282113e-05,0.0,Effective discrete defect spectrum,1.0,1.0,p = 1,p = 1,No Raman-compatible pairs
