System,Type,Source,N_levels_raw,N_levels_merged,lag1_raw,lag1_unfolded,Brody_q,Gap_Ratio_Raw,Gap_Ratio_Interp,Sample_Warning,lag1_raw_boot_mean,lag1_raw_ci_low,lag1_raw_ci_high,Brody_q_boot_mean,Brody_q_ci_low,Brody_q_ci_high,Gap_Ratio_boot_mean,Gap_Ratio_ci_low,Gap_Ratio_ci_high
Fe I (NIST),atomic,NIST ASD,845,744,0.13558328996948624,-0.3937217078018089,0.47116257818964175,0.409068342630055,Poisson-like / weakly correlated,,0.22216731819801766,0.10662381545259143,0.43587332488897135,0.4831572949420037,0.42562706785334536,0.543394233806972,0.40337110787471386,0.38596392453443756,0.42261371097585737
Fe II (NIST),atomic,NIST ASD,1025,952,0.1286544142323974,-0.4086896724414296,0.4541134360425371,0.3980001041895929,Poisson-like / weakly correlated,,0.12575443213121157,0.07832590341553249,0.1987129021625637,0.44828433375084237,0.3848715740148669,0.5032598703586487,0.39457705382167807,0.37421646408059106,0.415712973449971
N I (NIST),atomic,NIST ASD,288,257,0.18414566988463493,-0.4045333058672271,0.44542992424267097,0.36344748335377963,Poisson-like / weakly correlated,,0.30172479028208876,0.014328792192334204,0.48618336577257065,0.4505039936777698,0.28006626264197326,0.6015623864231459,0.3567190903097429,0.3290025906752592,0.388165370560786
NV (Doherty+),defect,Doherty et al.,69,69,-0.08549253377953665,-0.5242773980371533,0.6723351139559434,0.7446001239856224,Rigid / picket-fence-like,Moderate-sample caution,-0.24971453991947526,-0.7499999999999969,-0.04692041959662462,0.7108468705928882,0.3567434711430528,0.9989940456959605,0.7272277753635116,0.4890136196154114,0.9681592011289338
SiV (Doherty+),defect,Doherty et al.,62,62,-0.04107580088387346,-0.19324572379047614,0.9989940456959605,0.8761399289796078,Rigid / picket-fence-like,Moderate-sample caution,0.2882425900940169,-0.07623479320013768,0.8275934044445913,0.9874931817290322,0.8802782193483217,0.9989940456959605,0.8289694807140393,0.7119965972214731,0.9347060997370412
GeV (Doherty+),defect,Doherty et al.,45,45,-0.051308019017387504,0.07909568544709404,0.9989940456959605,0.918637450471115,Rigid / picket-fence-like,Small-sample caution,0.23807069724684643,-0.162150659668038,0.8996060584822073,0.8915329603876039,0.5427425872586249,0.9989940456959605,0.869878842512086,0.7472908817283538,0.9933720935710902
